{"Training Loss": 102.50665283203125, "_timestamp": 1705338220.9022248, "_runtime": 3.4919588565826416, "_step": 44, "val_loss": 11.581841468811035, "_wandb": {"runtime": 10}}