{"acc": 0.9027182978006302, "loss": 0.06542669564166696, "_timestamp": 1704958645.8753622, "_runtime": 0.7643420696258545, "_step": 7, "_wandb": {"runtime": 0}}