{"Training Loss": 100.1475601196289, "_timestamp": 1705419517.709059, "_runtime": 12.54361891746521, "_step": 44, "val_loss": 11.461775779724121, "_wandb": {"runtime": 20}}