{"Training Loss": 161.21937561035156, "_timestamp": 1705335993.9569511, "_runtime": 2.2234811782836914, "_step": 44, "val_loss": 11.116787910461426, "_wandb": {"runtime": 1}}