{"Training Loss": 8.236518859863281, "_timestamp": 1705481929.181878, "_runtime": 13.173415184020996, "_step": 44, "val_loss": 11.121944427490234, "_wandb": {"runtime": 26}}