{"Training Loss": 104.88732147216797, "_timestamp": 1705337031.145361, "_runtime": 3.104783058166504, "_step": 44, "val_loss": 11.4670991897583, "_wandb": {"runtime": 2}}