{"Training Loss": 150.02159118652344, "_timestamp": 1705337126.171088, "_runtime": 3.6166529655456543, "_step": 44, "val_loss": 11.717418670654297, "_wandb": {"runtime": 3}}