{"Training Loss": 51.914268493652344, "_timestamp": 1705422167.176341, "_runtime": 17.770862102508545, "_step": 44, "val_loss": 11.502071380615234, "_wandb": {"runtime": 38}}