{"Training Loss": 97.72598266601562, "_timestamp": 1705338647.657279, "_runtime": 16.232136011123657, "_step": 44, "val_loss": 11.658007621765137, "_wandb": {"runtime": 23}}