{"Training Loss": 157.29388427734375, "_timestamp": 1705338320.2129421, "_runtime": 3.404017210006714, "_step": 44, "val_loss": 11.250006675720215, "_wandb": {"runtime": 10}}