{"Training Loss": 99.79158020019531, "_timestamp": 1705338056.951204, "_runtime": 19.437101125717163, "_step": 44, "val_loss": 11.56130599975586, "_wandb": {"runtime": 26}}